,labels,scores
0,bildung,0.23487910628318787
1,gesundheit,0.1599152833223343
2,soziale ursachen,0.11730287969112396
0,bildung,0.4117056131362915
1,gesundheit,0.21596619486808777
2,wissenschaft,0.06693324446678162
0,bildung,0.3738716244697571
1,gesundheit,0.2813834249973297
2,klima,0.08368958532810211
0,bildung,0.3724084794521332
1,gesundheit,0.28248101472854614
2,soziale ursachen,0.08587212860584259
